seqnames	start	end	width	strand	sampleName	median	mean	CN
chrA	1	1775000	1775000	*	S_1	1.23479909608203e-53	5.73804588008282e-10	CN2
chrA	1775001	1850000	75000	*	S_1	-0.999999997159987	-0.99999948264252	CN1
chrA	1850001	53300000	51450000	*	S_1	8.7625880008156e-53	-0.000241535245311049	CN2
chrA	53300001	53400000	100000	*	S_1	-5.32192809488736	-5.32192809488651	CN0
chrA	53400001	113175000	59775000	*	S_1	1.57295758613015e-53	-0.00446059615531252	CN2
chrA	113175001	113325000	150000	*	S_1	-0.999909988127777	-0.999682484828253	CN1
chrA	113325001	125000000	11675000	*	S_1	2.79828914981109e-53	0.00138187068314709	CN2
chrA	1	48575000	48575000	*	S_2	1.48013893572014e-52	0.00104990457432031	CN2
chrA	48575001	48650000	75000	*	S_2	-5.32192809488736	-5.32192809488736	CN0
chrA	48650001	70625000	21975000	*	S_2	3.8263809073938e-53	5.41627871754849e-05	CN2
chrA	70625001	70750000	125000	*	S_2	-5.32192809488736	-5.32192809428305	CN0
chrA	70750001	90625000	19875000	*	S_2	2.71178626950082e-54	2.93730591382853e-06	CN2
chrA	90625001	90800000	175000	*	S_2	-0.999988737497265	-0.999775702734297	CN1
chrA	90800001	125000000	34200000	*	S_2	3.33033066348698e-53	-0.00108185553709614	CN2
chrA	1	5525000	5525000	*	S_3	7.33605885937387e-53	3.47596307324895e-07	CN2
chrA	5525001	5600000	75000	*	S_3	-0.999380992874874	-0.666460378736387	CN2
chrA	5600001	40750000	35150000	*	S_3	7.30695226314032e-53	1.67370594922633e-06	CN2
chrA	40750001	40825000	75000	*	S_3	0.648880227861997	0.548653265247639	CN3
chrA	40825001	65475000	24650000	*	S_3	2.21809024848638e-53	2.78508392791896e-06	CN2
chrA	65475001	65550000	75000	*	S_3	-0.905840401928504	-0.632896145557108	CN2
chrA	65550001	125000000	59450000	*	S_3	7.55992662823261e-54	-0.000374082867540844	CN2
chrA	1	125000000	125000000	*	S_4	2.30178201753787e-53	0.000163917958962848	CN2
chrA	1	5525000	5525000	*	S_5	2.8580982955016e-53	5.70512790119248e-06	CN2
chrA	5525001	5600000	75000	*	S_5	-5.32192809488736	-3.88096870782204	CN0
chrA	5600001	18850000	13250000	*	S_5	2.38171404230381e-52	9.97560586225822e-07	CN2
chrA	18850001	19000000	150000	*	S_5	-0.999995281220361	-0.835229650303326	CN2
chrA	19000001	30025000	11025000	*	S_5	1.94784745438995e-51	2.05780465037093e-06	CN2
chrA	30025001	30125000	100000	*	S_5	-0.999999709703179	-0.999976723219153	CN1
chrA	30125001	64850000	34725000	*	S_5	8.31740482482726e-53	0.000146184839802597	CN2
chrA	64850001	64950000	100000	*	S_5	-0.99962427294906	-0.983152540323417	CN1
chrA	64950001	113175000	48225000	*	S_5	1.39107507080623e-53	1.80182399499631e-05	CN2
chrA	113175001	113325000	150000	*	S_5	-5.32192809488736	-5.3219280948674	CN0
chrA	113325001	125000000	11675000	*	S_5	2.59216848371937e-53	-0.00123008683604235	CN2
chrA	1	30025000	30025000	*	S_6	1.46915850745665e-52	-0.000292963343469681	CN2
chrA	30025001	30125000	100000	*	S_6	-0.999586761347485	-0.750291185541131	CN2
chrA	30125001	87375000	57250000	*	S_6	1.34190686349068e-53	0.00026468590480543	CN2
chrA	87375001	87450000	75000	*	S_6	-0.999915611696777	-0.999914448551334	CN1
chrA	87450001	87950000	500000	*	S_6	1.08769874950271e-54	3.785282642593e-35	CN2
chrA	87950001	88125000	175000	*	S_6	-0.999994350842496	-0.99224284413077	CN1
chrA	88125001	125000000	36875000	*	S_6	5.8884896277691e-53	8.33700956754728e-05	CN2
chrA	1	1775000	1775000	*	S_7	4.58235718769179e-53	6.51278695399128e-06	CN2
chrA	1775001	1850000	75000	*	S_7	-0.96066964825306	-0.669109467898804	CN2
chrA	1850001	30025000	28175000	*	S_7	1.95859193150813e-52	8.18308750288659e-05	CN2
chrA	30025001	30125000	100000	*	S_7	-5.32192809488733	-5.32192809488631	CN0
chrA	30125001	50700000	20575000	*	S_7	2.08073795603363e-53	0.000447457685156639	CN2
chrA	50700001	50850000	150000	*	S_7	-0.999999833703356	-0.999821739543091	CN1
chrA	50850001	113175000	62325000	*	S_7	1.42380155012384e-53	0.000237432857306508	CN2
chrA	113175001	113325000	150000	*	S_7	-5.32192809488736	-5.32192809488733	CN0
chrA	113325001	125000000	11675000	*	S_7	3.54254889081427e-53	0.00110222972272105	CN2
chrA	1	90625000	90625000	*	S_8	2.44096445869203e-53	-0.000157810843211932	CN2
chrA	90625001	90800000	175000	*	S_8	-0.999998987630093	-0.99249825886234	CN1
chrA	90800001	113175000	22375000	*	S_8	4.4647964421445e-53	-0.002220124503744	CN2
chrA	113175001	113325000	150000	*	S_8	-0.999909092564652	-0.999573121535028	CN1
chrA	113325001	125000000	11675000	*	S_8	5.48717236076272e-54	7.29111511722189e-06	CN2
chrA	1	40750000	40750000	*	S_9	4.94368549192879e-53	1.89655880003978e-06	CN2
chrA	40750001	40825000	75000	*	S_9	0.580412847137637	0.389406762906023	CN2
chrA	40825001	70625000	29800000	*	S_9	2.74326920837789e-53	0.000500250106368626	CN2
chrA	70625001	70750000	125000	*	S_9	-0.999638888467948	-0.99302115209145	CN1
chrA	70750001	125000000	54250000	*	S_9	1.96640842958804e-53	-0.000670857703017521	CN2
chrA	1	1775000	1775000	*	S_10	3.68920519647054e-52	3.59765478114754e-10	CN2
chrA	1775001	1850000	75000	*	S_10	-0.999999947448074	-0.985719533468531	CN1
chrA	1850001	5525000	3675000	*	S_10	1.25756938833643e-52	2.09831714936466e-06	CN2
chrA	5525001	5600000	75000	*	S_10	-5.32192809488683	-3.54795206325807	CN0
chrA	5600001	18850000	13250000	*	S_10	8.09428659163197e-53	4.51518999482348e-05	CN2
chrA	18850001	19000000	150000	*	S_10	-0.999999301800236	-0.999975175057028	CN1
chrA	19000001	30025000	11025000	*	S_10	1.03580202607932e-51	9.65198128802917e-08	CN2
chrA	30025001	30125000	100000	*	S_10	-0.999939565088883	-0.997984101353998	CN1
chrA	30125001	50350000	20225000	*	S_10	1.42157733330626e-52	6.29911985443906e-06	CN2
chrA	50350001	50450000	100000	*	S_10	-5.32192809488736	-5.32192809488736	CN0
chrA	50450001	125000000	74550000	*	S_10	9.63698070809361e-54	-0.000637422696247707	CN2
chrA	1	87375000	87375000	*	S_11	2.0132179114867e-53	0.000431242143289736	CN2
chrA	87375001	87450000	75000	*	S_11	-0.999962702433858	-0.995471287548239	CN1
chrA	87450001	110625000	23175000	*	S_11	2.5629108498688e-53	-0.00217151206184573	CN2
chrA	110625001	110725000	100000	*	S_11	0.58489198718023	0.54333059307506	CN3
chrA	110725001	125000000	14275000	*	S_11	2.7349822840036e-53	-4.6518907347036e-07	CN2
chrA	1	1775000	1775000	*	S_12	2.08642481267416e-52	1.19427454029823e-11	CN2
chrA	1775001	1850000	75000	*	S_12	-0.999999255532568	-0.989819782025394	CN1
chrA	1850001	30025000	28175000	*	S_12	1.90503715410182e-52	6.8305426718439e-06	CN2
chrA	30025001	30125000	100000	*	S_12	-5.32192809488736	-5.32192809488176	CN0
chrA	30125001	40750000	10625000	*	S_12	2.25288122938087e-52	-3.73268680686942e-06	CN2
chrA	40750001	40825000	75000	*	S_12	0.99826923603101	0.666095165613981	CN4
chrA	40825001	50350000	9525000	*	S_12	7.76011024396796e-53	0.00148376023400887	CN2
chrA	50350001	50450000	100000	*	S_12	-0.999981043193026	-0.999976903247316	CN1
chrA	50450001	53800000	3350000	*	S_12	1.69938024198017e-53	-0.00186851284703802	CN2
chrA	53800001	53900000	100000	*	S_12	-5.32192809488736	-5.32192809488736	CN0
chrA	53900001	87950000	34050000	*	S_12	3.39455839628559e-54	1.87616829349937e-06	CN2
chrA	87950001	88125000	175000	*	S_12	-0.999994148541605	-0.999278228632959	CN1
chrA	88125001	125000000	36875000	*	S_12	3.36230286702223e-53	0.000379141445732971	CN2
chrA	1	30025000	30025000	*	S_13	1.31449948437687e-52	2.83624445535603e-06	CN2
chrA	30025001	30125000	100000	*	S_13	-0.999976347095353	-0.999965574643059	CN1
chrA	30125001	44000000	13875000	*	S_13	1.25470299155428e-53	-0.00150417514110603	CN2
chrA	44000001	44075000	75000	*	S_13	1.00000000000041	1.07877113507872	CN5
chrA	44075001	87375000	43300000	*	S_13	7.4717988415358e-54	1.79039305225211e-06	CN2
chrA	87375001	87450000	75000	*	S_13	-0.999638626989647	-0.696202535989414	CN2
chrA	87450001	110625000	23175000	*	S_13	3.33498003813475e-53	-3.59990839088109e-05	CN2
chrA	110625001	110725000	100000	*	S_13	0.584967104898392	0.482095056819521	CN2
chrA	110725001	125000000	14275000	*	S_13	1.02568990127969e-52	0.000843200336284218	CN2
chrA	1	18850000	18850000	*	S_14	6.88455954264866e-53	-0.000510602534727594	CN2
chrA	18850001	19000000	150000	*	S_14	-5.32192809488717	-5.32192809467076	CN0
chrA	19000001	53800000	34800000	*	S_14	1.32523493280565e-52	0.000110739709658409	CN2
chrA	53800001	53900000	100000	*	S_14	-0.999999815833051	-0.999988115332193	CN1
chrA	53900001	64850000	10950000	*	S_14	8.03589888160613e-53	3.6320566005868e-07	CN2
chrA	64850001	64950000	100000	*	S_14	0.58491811032873	0.584785404990106	CN3
chrA	64950001	70625000	5675000	*	S_14	4.29730472433868e-54	0.00268286699873165	CN2
chrA	70625001	70750000	125000	*	S_14	-0.999988564201592	-0.999967306873874	CN1
chrA	70750001	90625000	19875000	*	S_14	2.85233952038779e-54	7.89874153972596e-07	CN2
chrA	90625001	90800000	175000	*	S_14	-5.32192809488736	-5.32192809488736	CN0
chrA	90800001	125000000	34200000	*	S_14	4.15902761272273e-53	6.87322633894213e-07	CN2
chrA	1	1775000	1775000	*	S_15	1.2372425233847e-52	4.52251595570058e-09	CN2
chrA	1775001	1850000	75000	*	S_15	-0.999999716301054	-0.999996971342649	CN1
chrA	1850001	5525000	3675000	*	S_15	5.55045119301963e-53	3.41521925400122e-07	CN2
chrA	5525001	5600000	75000	*	S_15	-0.999356387607949	-0.666452129202668	CN2
chrA	5600001	53300000	47700000	*	S_15	1.38187316817518e-52	0.000378398394003441	CN2
chrA	53300001	53400000	100000	*	S_15	-0.999893606634884	-0.998868671302564	CN1
chrA	53400001	64850000	11450000	*	S_15	1.58457853250678e-53	3.71551885956123e-08	CN2
chrA	64850001	64950000	100000	*	S_15	0.406836887683934	0.351487219848113	CN2
chrA	64950001	125000000	60050000	*	S_15	1.0321937626549e-53	0.00106705944273154	CN2
chrA	1	18850000	18850000	*	S_16	6.71056697362174e-53	0.000647583470499898	CN2
chrA	18850001	19000000	150000	*	S_16	-0.999997848982375	-0.990160346404323	CN1
chrA	19000001	64850000	45850000	*	S_16	9.83467006292714e-53	6.745725490153e-06	CN2
chrA	64850001	64950000	100000	*	S_16	-0.999930610067923	-0.999709754030861	CN1
chrA	64950001	125000000	60050000	*	S_16	1.15043545592996e-53	0.000346942858985106	CN2
chrA	1	1775000	1775000	*	S_17	3.39850974415969e-51	1.34679227019233e-12	CN2
chrA	1775001	1850000	75000	*	S_17	-0.9999999828922	-0.999997144657093	CN1
chrA	1850001	5525000	3675000	*	S_17	1.49229675712347e-53	0.00276453187911274	CN2
chrA	5525001	5600000	75000	*	S_17	-0.999999955476142	-0.666666651709684	CN2
chrA	5600001	18850000	13250000	*	S_17	7.70092103200773e-53	3.9758318858128e-05	CN2
chrA	18850001	19000000	150000	*	S_17	-0.995603126546859	-0.893711119438356	CN2
chrA	19000001	40750000	21750000	*	S_17	8.65177075816139e-53	-8.95715985222429e-05	CN2
chrA	40750001	40825000	75000	*	S_17	0.522506360448211	0.363475298470769	CN2
chrA	40825001	50700000	9875000	*	S_17	2.11779018945234e-52	0.000283213692719693	CN2
chrA	50700001	50850000	150000	*	S_17	-0.999985350962792	-0.99984088666287	CN1
chrA	50850001	53800000	2950000	*	S_17	3.09917604553975e-53	1.44120607355995e-05	CN2
chrA	53800001	53900000	100000	*	S_17	-0.999991601177301	-0.999991107629971	CN1
chrA	53900001	64850000	10950000	*	S_17	5.78500164279989e-53	4.43565173030601e-08	CN2
chrA	64850001	64950000	100000	*	S_17	-0.999983847367862	-0.999732991298935	CN1
chrA	64950001	125000000	60050000	*	S_17	9.87437533647838e-54	0.00035826385720048	CN2
chrA	1	50700000	50700000	*	S_18	1.43782069488175e-52	1.01954639730601e-06	CN2
chrA	50700001	50850000	150000	*	S_18	-5.32192809488736	-5.32192809488736	CN0
chrA	50850001	53300000	2450000	*	S_18	7.05503883599345e-51	2.38589188297783e-07	CN2
chrA	53300001	53400000	100000	*	S_18	-5.32192809488736	-5.32192809488733	CN0
chrA	53400001	65475000	12075000	*	S_18	4.37968459011519e-53	1.8629372825795e-06	CN2
chrA	65475001	65550000	75000	*	S_18	-5.32192809488736	-3.85490323916762	CN0
chrA	65550001	113175000	47625000	*	S_18	1.56882272837922e-53	-0.000488644874051094	CN2
chrA	113175001	113325000	150000	*	S_18	-5.32192809488736	-5.32192809488736	CN0
chrA	113325001	125000000	11675000	*	S_18	5.49305036651417e-53	3.15280342446803e-06	CN2
chrA	1	18850000	18850000	*	S_19	3.62203627713379e-53	0.000713268964200929	CN2
chrA	18850001	19000000	150000	*	S_19	-0.999997211268704	-0.999868292569478	CN1
chrA	19000001	48575000	29575000	*	S_19	8.78168765284642e-53	0.000180876702169828	CN2
chrA	48575001	48650000	75000	*	S_19	-0.999999723923766	-0.999988398179529	CN1
chrA	48650001	64850000	16200000	*	S_19	2.40426800570737e-53	6.73815872922989e-07	CN2
chrA	64850001	64950000	100000	*	S_19	0.584945605572167	0.584786224710795	CN3
chrA	64950001	87375000	22425000	*	S_19	2.07330504846892e-54	0.000637795407920669	CN2
chrA	87375001	87450000	75000	*	S_19	-0.999926236212742	-0.999863871584486	CN1
chrA	87450001	125000000	37550000	*	S_19	4.11490298936981e-53	-0.00190630936133009	CN2
chrA	1	5525000	5525000	*	S_20	1.57348581312198e-53	-3.88132023548355e-09	CN2
chrA	5525001	5600000	75000	*	S_20	-0.99999906733601	-0.666666374442483	CN2
chrA	5600001	40750000	35150000	*	S_20	1.2321815306258e-52	9.45038424037773e-05	CN2
chrA	40750001	40825000	75000	*	S_20	0.627035598972901	0.542333925828591	CN3
chrA	40825001	50700000	9875000	*	S_20	1.81426565856732e-53	-1.44524613899927e-06	CN2
chrA	50700001	50850000	150000	*	S_20	-0.999997941200247	-0.999982723615629	CN1
chrA	50850001	53800000	2950000	*	S_20	6.29616628343102e-52	8.26138714121453e-07	CN2
chrA	53800001	53900000	100000	*	S_20	-0.999939227788433	-0.99947010985856	CN1
chrA	53900001	90625000	36725000	*	S_20	8.55846936344729e-54	6.73851259603704e-06	CN2
chrA	90625001	90800000	175000	*	S_20	-0.999999791036352	-0.99109068148543	CN1
chrA	90800001	113175000	22375000	*	S_20	2.78730151081673e-53	0.00109919686847283	CN2
chrA	113175001	113325000	150000	*	S_20	-0.999998910290479	-0.999866774815814	CN1
chrA	113325001	125000000	11675000	*	S_20	2.11329152253874e-53	6.93142280366098e-06	CN2
chrA	1	40750000	40750000	*	S_21	1.32453461720586e-52	0.000384335683116688	CN2
chrA	40750001	40825000	75000	*	S_21	0.582144321380244	0.388928852702403	CN2
chrA	40825001	44000000	3175000	*	S_21	6.26086969681334e-55	4.29361812029233e-11	CN2
chrA	44000001	44075000	75000	*	S_21	0.561228346928445	0.380461947110721	CN2
chrA	44075001	48575000	4500000	*	S_21	6.0437762906034e-51	-1.11483231552338e-07	CN2
chrA	48575001	48650000	75000	*	S_21	-0.999849534983527	-0.99700327188251	CN1
chrA	48650001	50350000	1700000	*	S_21	7.94407860334799e-51	1.43272438776276e-06	CN2
chrA	50350001	50450000	100000	*	S_21	-0.999999821920627	-0.99998109412447	CN1
chrA	50450001	53300000	2850000	*	S_21	1.89008160992473e-53	3.61417435357251e-06	CN2
chrA	53300001	53400000	100000	*	S_21	-5.32192809488728	-5.3219280948611	CN0
chrA	53400001	87950000	34550000	*	S_21	2.2890578802173e-54	-0.000481258298346621	CN2
chrA	87950001	88125000	175000	*	S_21	-0.999999510233444	-0.999979853953757	CN1
chrA	88125001	90625000	2500000	*	S_21	1.44414241405934e-50	3.1314042777538e-08	CN2
chrA	90625001	90800000	175000	*	S_21	-5.32192809488736	-5.32192809488736	CN0
chrA	90800001	125000000	34200000	*	S_21	5.18290735732873e-53	0.000308015257374425	CN2
chrA	1	44000000	44000000	*	S_22	9.4359375204424e-53	0.0002852595287874	CN2
chrA	44000001	44075000	75000	*	S_22	1	0.957171451801006	CN4
chrA	44075001	64850000	20775000	*	S_22	8.72428383979323e-53	0.000666395276282746	CN2
chrA	64850001	64950000	100000	*	S_22	0.577270262910798	0.576133196643775	CN3
chrA	64950001	125000000	60050000	*	S_22	7.87662002633857e-54	0.000244967173195178	CN2
chrA	1	44000000	44000000	*	S_23	6.31042338952124e-53	3.51061548629597e-05	CN2
chrA	44000001	44075000	75000	*	S_23	1.00000000000006	1.05604524207324	CN5
chrA	44075001	87375000	43300000	*	S_23	1.46891579357107e-53	-1.51966800653712e-05	CN2
chrA	87375001	87450000	75000	*	S_23	-0.999999977410177	-0.999783205607206	CN1
chrA	87450001	125000000	37550000	*	S_23	2.88379993098562e-53	4.7756697389447e-05	CN2
chrA	1	40750000	40750000	*	S_24	8.59264604142271e-53	1.65771195975831e-07	CN2
chrA	40750001	40825000	75000	*	S_24	0.128818943738252	0.137526694087703	CN2
chrA	40825001	64850000	24025000	*	S_24	2.39748786177279e-53	0.000239274285135389	CN2
chrA	64850001	64950000	100000	*	S_24	-0.999999156514334	-0.787125583827269	CN2
chrA	64950001	90625000	25675000	*	S_24	4.26490021755237e-54	-9.98156270906885e-05	CN2
chrA	90625001	90800000	175000	*	S_24	-0.999992681406976	-0.999881973850517	CN1
chrA	90800001	125000000	34200000	*	S_24	2.46165563073249e-53	8.26034400865319e-05	CN2
chrA	1	18850000	18850000	*	S_25	1.12959548016929e-52	4.65618199587943e-06	CN2
chrA	18850001	19000000	150000	*	S_25	-0.999706200101661	-0.999221024795009	CN1
chrA	19000001	44000000	25000000	*	S_25	8.358497429556e-53	-6.24561475483103e-06	CN2
chrA	44000001	44075000	75000	*	S_25	0.604862069039655	0.40829515707844	CN2
chrA	44075001	48575000	4500000	*	S_25	3.51923159144398e-52	9.90366521392364e-07	CN2
chrA	48575001	48650000	75000	*	S_25	-5.32192809488736	-5.32192809488736	CN0
chrA	48650001	87375000	38725000	*	S_25	7.27151531933475e-54	-0.000983188688596517	CN2
chrA	87375001	87450000	75000	*	S_25	-5.32192809488736	-5.32192809488736	CN0
chrA	87450001	110625000	23175000	*	S_25	3.05102685139527e-53	0.000467212251388504	CN2
chrA	110625001	110725000	100000	*	S_25	0.584958105038681	0.582170073821229	CN3
chrA	110725001	125000000	14275000	*	S_25	2.43931326726975e-53	1.7732667386709e-07	CN2
chrA	1	53300000	53300000	*	S_26	7.49381357543379e-53	0.000198259854285093	CN2
chrA	53300001	53400000	100000	*	S_26	-0.999999978356997	-0.999999630691615	CN1
chrA	53400001	64850000	11450000	*	S_26	1.15757284250962e-53	1.42471318633594e-07	CN2
chrA	64850001	64950000	100000	*	S_26	-0.999998636112447	-0.999998519003853	CN1
chrA	64950001	87375000	22425000	*	S_26	1.47223621722338e-54	0.000644755633580706	CN2
chrA	87375001	87450000	75000	*	S_26	-5.32192809488736	-5.32192809488736	CN0
chrA	87450001	90625000	3175000	*	S_26	7.34671266765728e-53	5.69462382279664e-06	CN2
chrA	90625001	90800000	175000	*	S_26	-0.999999450548096	-0.999559179251594	CN1
chrA	90800001	125000000	34200000	*	S_26	1.87024974084593e-53	1.18076528342125e-05	CN2
chrA	1	1775000	1775000	*	S_27	3.3294779103711e-51	2.83929845512028e-09	CN2
chrA	1775001	1850000	75000	*	S_27	-0.999997117012807	-0.999983792883231	CN1
chrA	1850001	90625000	88775000	*	S_27	2.86993738140222e-53	-0.000692768947804561	CN2
chrA	90625001	90800000	175000	*	S_27	-5.32192809488736	-5.32192809488736	CN0
chrA	90800001	125000000	34200000	*	S_27	3.80234789947006e-53	0.000230152012096071	CN2
chrA	1	1775000	1775000	*	S_28	1.87530783588446e-52	9.88489750696281e-06	CN2
chrA	1775001	1850000	75000	*	S_28	-0.999987456690526	-0.999765889396235	CN1
chrA	1850001	40750000	38900000	*	S_28	6.83478061244416e-53	-1.36448035853015e-05	CN2
chrA	40750001	40825000	75000	*	S_28	0.52607269963581	0.366174943099106	CN2
chrA	40825001	44000000	3175000	*	S_28	5.91840402921226e-56	0.00398468820513945	CN2
chrA	44000001	44075000	75000	*	S_28	0.997640749366224	0.984417705757266	CN4
chrA	44075001	48575000	4500000	*	S_28	4.26384634488678e-52	0.000776319353093588	CN2
chrA	48575001	48650000	75000	*	S_28	-0.999996136814274	-0.713795990417754	CN2
chrA	48650001	50700000	2050000	*	S_28	1.42429290183243e-51	5.56185311824092e-08	CN2
chrA	50700001	50850000	150000	*	S_28	-0.999999433088646	-0.999997791331266	CN1
chrA	50850001	90625000	39775000	*	S_28	4.40861917035156e-54	5.87991070546609e-06	CN2
chrA	90625001	90800000	175000	*	S_28	-0.999997892580921	-0.99999468471417	CN1
chrA	90800001	125000000	34200000	*	S_28	3.14053814069502e-53	0.000376459382082011	CN2
chrA	1	30025000	30025000	*	S_29	1.03829515984727e-52	-2.18923171513921e-05	CN2
chrA	30025001	30125000	100000	*	S_29	-0.999975872022522	-0.999505719286652	CN1
chrA	30125001	50700000	20575000	*	S_29	5.51440043720309e-53	2.88520119274645e-06	CN2
chrA	50700001	50850000	150000	*	S_29	-0.999945414118337	-0.999878237809175	CN1
chrA	50850001	87375000	36525000	*	S_29	5.79733134310519e-54	0.000391034524136456	CN2
chrA	87375001	87450000	75000	*	S_29	-5.32192809488736	-5.32192809488736	CN0
chrA	87450001	90625000	3175000	*	S_29	9.33422411249697e-54	1.56948821853298e-08	CN2
chrA	90625001	90800000	175000	*	S_29	-5.32192809488736	-5.32192809488678	CN0
chrA	90800001	125000000	34200000	*	S_29	5.72307831670028e-53	2.41156526554045e-06	CN2
chrA	1	50700000	50700000	*	S_30	7.58782275032836e-53	0.000532166265565616	CN2
chrA	50700001	50850000	150000	*	S_30	-0.999999861967252	-0.999996589077026	CN1
chrA	50850001	53300000	2450000	*	S_30	2.16747863625061e-52	0.00551528474444219	CN2
chrA	53300001	53400000	100000	*	S_30	-0.999995709213838	-0.999995524122263	CN1
chrA	53400001	53800000	400000	*	S_30	3.5235800690277e-48	3.47903881232804e-28	CN2
chrA	53800001	53900000	100000	*	S_30	-0.999997680979871	-0.999993532044143	CN1
chrA	53900001	65475000	11575000	*	S_30	2.92183707960205e-53	0.00131289638067886	CN2
chrA	65475001	65550000	75000	*	S_30	-0.999980312757495	-0.666657694557616	CN2
chrA	65550001	125000000	59450000	*	S_30	1.03960722483301e-53	0.000104960879218334	CN2
chrA	1	30025000	30025000	*	S_31	6.87991729567503e-53	2.475925466384e-07	CN2
chrA	30025001	30125000	100000	*	S_31	-0.999999264338895	-0.999790903729674	CN1
chrA	30125001	40750000	10625000	*	S_31	5.62799376918056e-53	-0.000200468190670845	CN2
chrA	40750001	40825000	75000	*	S_31	0.179928185484441	0.25457370580238	CN2
chrA	40825001	101150000	60325000	*	S_31	7.52599775827746e-54	-0.000237107832953094	CN2
chrA	101150001	101300000	150000	*	S_31	-0.175113805241892	-0.360958298131407	CN2
chrA	101300001	125000000	23700000	*	S_31	4.3619613276221e-53	1.50694734304169e-06	CN2
chrA	1	18850000	18850000	*	S_32	9.9409235013819e-53	-3.31935239913016e-08	CN2
chrA	18850001	19000000	150000	*	S_32	-0.999998784500289	-0.939014426875735	CN1
chrA	19000001	65475000	46475000	*	S_32	7.10503961317114e-53	-3.99460421372622e-05	CN2
chrA	65475001	65550000	75000	*	S_32	-5.32192809488736	-3.54795206325856	CN0
chrA	65550001	87375000	21825000	*	S_32	2.69928578270741e-54	7.41366119235652e-08	CN2
chrA	87375001	87450000	75000	*	S_32	-0.999998045752647	-0.99999864106041	CN1
chrA	87450001	125000000	37550000	*	S_32	3.78008077189722e-53	-0.000198430823280592	CN2
chrA	1	40750000	40750000	*	S_33	6.23059566634092e-53	-0.000143230124079376	CN2
chrA	40750001	40825000	75000	*	S_33	0.58033595729993	0.388410153412005	CN2
chrA	40825001	48575000	7750000	*	S_33	1.77124384105857e-53	1.4894649009429e-09	CN2
chrA	48575001	48650000	75000	*	S_33	-0.999855764660099	-0.99859455703013	CN1
chrA	48650001	50700000	2050000	*	S_33	1.27066869710918e-51	1.28972311346416e-07	CN2
chrA	50700001	50850000	150000	*	S_33	-0.999996793764753	-0.999824021220269	CN1
chrA	50850001	87950000	37100000	*	S_33	1.22063432061257e-53	0.000316283125353735	CN2
chrA	87950001	88125000	175000	*	S_33	-0.999998928985623	-0.999964334971364	CN1
chrA	88125001	90625000	2500000	*	S_33	7.28231224355829e-52	3.71565092447743e-10	CN2
chrA	90625001	90800000	175000	*	S_33	-5.32192809488736	-5.32192809488736	CN0
chrA	90800001	125000000	34200000	*	S_33	4.02254396562196e-53	0.000124843661696667	CN2
chrA	1	30025000	30025000	*	S_34	1.33484345050616e-52	-0.000358266898299526	CN2
chrA	30025001	30125000	100000	*	S_34	-0.999991070058412	-0.999880474126075	CN1
chrA	30125001	70625000	40500000	*	S_34	2.14689291380467e-53	-0.000179086195189616	CN2
chrA	70625001	70750000	125000	*	S_34	-5.32192809488736	-5.32192809486214	CN0
chrA	70750001	125000000	54250000	*	S_34	1.04768753327264e-53	0.000318745005131564	CN2
chrA	1	110625000	110625000	*	S_35	2.12612500060899e-53	0.000124551107219909	CN2
chrA	110625001	110725000	100000	*	S_35	0.584360148467954	0.551374296649453	CN3
chrA	110725001	125000000	14275000	*	S_35	1.15847245481326e-53	0.000942594757456837	CN2
chrA	1	50350000	50350000	*	S_36	1.07357787921405e-52	3.46142340272031e-06	CN2
chrA	50350001	50450000	100000	*	S_36	-0.99999918417775	-0.999946383751135	CN1
chrA	50450001	50700000	250000	*	S_36	9.47837741507895e-44	3.03617205368298e-36	CN2
chrA	50700001	50850000	150000	*	S_36	-5.32192809488736	-5.32192809488736	CN0
chrA	50850001	53800000	2950000	*	S_36	7.55089405755828e-54	-4.65384038775875e-05	CN2
chrA	53800001	53900000	100000	*	S_36	-5.32192809488662	-5.32192809488603	CN0
chrA	53900001	70625000	16725000	*	S_36	1.58212396472767e-52	0.00129157297204398	CN2
chrA	70625001	70750000	125000	*	S_36	-5.32192809488736	-5.32192809486224	CN0
chrA	70750001	125000000	54250000	*	S_36	2.4850744786553e-53	0.000170480619891093	CN2
chrA	1	48575000	48575000	*	S_37	4.91446493049481e-53	0.00018885390006852	CN2
chrA	48575001	48650000	75000	*	S_37	-5.32192809488736	-5.32192809488736	CN0
chrA	48650001	87375000	38725000	*	S_37	6.3465600521927e-54	0.000335518786921662	CN2
chrA	87375001	87450000	75000	*	S_37	-0.998495151967575	-0.998389386015222	CN1
chrA	87450001	90625000	3175000	*	S_37	1.54336835348048e-53	1.72685888498027e-07	CN2
chrA	90625001	90800000	175000	*	S_37	-0.999997777789828	-0.999924558474033	CN1
chrA	90800001	125000000	34200000	*	S_37	7.07667278305071e-53	0.000523991130787732	CN2
chrA	1	1775000	1775000	*	S_38	5.06155932669827e-52	1.99417790322129e-09	CN2
chrA	1775001	1850000	75000	*	S_38	-5.32192809488736	-5.32192809488326	CN0
chrA	1850001	5525000	3675000	*	S_38	1.22197432518677e-52	2.15723191649589e-06	CN2
chrA	5525001	5600000	75000	*	S_38	-0.999925960409025	-0.666641986858827	CN2
chrA	5600001	18850000	13250000	*	S_38	1.01359209046758e-52	0.000241681817537455	CN2
chrA	18850001	19000000	150000	*	S_38	-0.999705625348216	-0.997614944955269	CN1
chrA	19000001	87950000	68950000	*	S_38	1.97478399325915e-53	0.000190690344045454	CN2
chrA	87950001	88125000	175000	*	S_38	-0.999979131087374	-0.99414842408094	CN1
chrA	88125001	125000000	36875000	*	S_38	2.27465108582299e-53	-0.000998173479054232	CN2
chrA	1	5525000	5525000	*	S_39	9.58897513884247e-53	0.00263959226436665	CN2
chrA	5525001	5600000	75000	*	S_39	-5.32192809488736	-3.54795206325824	CN0
chrA	5600001	50350000	44750000	*	S_39	2.02064515053181e-52	-0.000501424210524811	CN2
chrA	50350001	50450000	100000	*	S_39	-0.999928114606786	-0.946532936619968	CN1
chrA	50450001	125000000	74550000	*	S_39	8.12414332606424e-54	-0.000310872541215568	CN2
chrA	1	1775000	1775000	*	S_40	5.09914811901719e-53	9.82948604864878e-05	CN2
chrA	1775001	1850000	75000	*	S_40	-0.999980420590372	-0.992734477678651	CN1
chrA	1850001	30025000	28175000	*	S_40	1.76927499982924e-52	2.46740601120438e-11	CN2
chrA	30025001	30125000	100000	*	S_40	-0.999999710611106	-0.999443948603981	CN1
chrA	30125001	110625000	80500000	*	S_40	1.48745376056156e-53	0.000354236912913406	CN2
chrA	110625001	110725000	100000	*	S_40	0.792265639641011	0.792214979166986	CN4
chrA	110725001	125000000	14275000	*	S_40	1.4391390205566e-53	0.00100822692351392	CN2
